route_id,scheduled_time,actual_time,weather,passenger_count,latitude,longitude,delay_minutes,time_category,day_type,weather_severity,is_peak_hour,route_frequency,hour_of_day
R3,2024-01-01 01:00:00,2024-01-01 01:22:00,sunny,250,24.501703760204105,32.524775811462554,22,morning,weekday,1,0,137,1
R4,2024-01-01 01:00:00,2024-01-01 01:00:00,sunny,250,24.64387847,32.63629561,0,morning,weekday,1,0,48,1
R3,2024-01-01 01:00:00,2024-01-01 01:04:00,sunny,250,24.363132,31.18681932,4,morning,weekday,1,0,137,1
R4,2024-01-01 01:00:00,2024-01-01 01:00:00,cloudy,36,25.53307125,32.53750795,0,morning,weekday,2,0,48,1
R4,2024-01-01 01:00:00,2024-01-01 04:56:00,cloudy,76,23.29424774,33.41921085,236,morning,weekday,2,0,48,1
R2,2024-01-01 01:00:00,2024-01-01 05:43:00,sunny,116,24.46472341,32.37771963,283,morning,weekday,1,0,46,1
R3,2024-01-01 01:00:00,2024-01-01 08:43:00,cloudy,61,23.45014599,31.15586973,463,morning,weekday,2,0,137,1
R3,2024-01-01 01:00:00,2024-01-01 01:02:00,cloudy,250,23.97402778,33.3588346,2,morning,weekday,2,0,137,1
R3,2024-01-01 01:00:00,2024-01-01 10:24:00,sunny,76,25.21207123,31.60409135,564,morning,weekday,1,0,137,1
R4,2024-01-01 01:00:00,2024-01-01 09:06:00,sunny,116,24.42805439,31.7758625,486,morning,weekday,1,0,48,1
R3,2024-01-01 01:00:00,2024-01-01 12:45:00,cloudy,91,24.12766486,31.49411906,705,morning,weekday,2,0,137,1
R3,2024-01-01 01:00:00,2024-01-01 11:15:00,sunny,47,24.18342884,31.99064519,615,morning,weekday,1,0,137,1
R4,2024-01-01 01:00:00,2024-01-01 14:21:00,cloudy,44,24.37834031,33.27025452,801,morning,weekday,2,0,48,1
R2,2024-01-01 01:00:00,2024-01-01 01:04:00,cloudy,116,25.35504963,32.55815758,4,morning,weekday,2,0,46,1
R3,2024-01-01 01:00:00,2024-01-01 01:12:00,cloudy,116,25.67625407,31.61464382,12,morning,weekday,2,0,137,1
R2,2024-01-01 01:00:00,2024-01-01 15:09:00,cloudy,250,25.86600406,33.63349023,849,morning,weekday,2,0,46,1
R3,2024-01-01 01:00:00,2024-01-01 01:09:00,sunny,116,25.36071016,33.63874556,9,morning,weekday,1,0,137,1
R4,2024-01-01 01:00:00,2024-01-01 19:11:00,rainy,116,23.94622069,33.61173528,1091,morning,weekday,3,0,48,1
R1,2024-01-01 01:00:00,2024-01-01 19:21:00,sunny,250,25.06440412,31.71638863,1101,morning,weekday,1,0,69,1
R3,2024-01-01 01:00:00,2024-01-01 01:00:00,sunny,250,24.31280937,32.35371803,0,morning,weekday,1,0,137,1
R2,2024-01-01 01:00:00,2024-01-01 21:15:00,sunny,116,23.76401187,33.95496897,1215,morning,weekday,1,0,46,1
R4,2024-01-01 01:00:00,2024-01-01 21:52:00,cloudy,250,25.52261474,33.31603743,1252,morning,weekday,2,0,48,1
R3,2024-01-01 01:00:00,2024-01-01 22:47:00,sunny,104,23.11527905,31.08150226,1307,morning,weekday,1,0,137,1
R1,2024-01-01 01:00:00,2024-01-01 01:00:00,sunny,97,25.70528598,31.19561377,0,morning,weekday,1,0,69,1
R1,2024-01-01 01:00:00,2024-01-01 01:00:00,cloudy,116,24.38443239,32.39179413,0,morning,weekday,2,0,69,1
R3,2024-01-01 01:00:00,2024-01-01 01:00:00,cloudy,73,24.91160443,33.72766062,0,morning,weekday,2,0,137,1
R3,2024-01-01 01:00:00,2024-01-01 01:57:00,rainy,116,24.97806177,32.61610539,57,morning,weekday,3,0,137,1
R2,2024-01-01 01:00:00,2024-01-01 04:37:00,rainy,250,25.68535322,32.49343752,217,morning,weekday,3,0,46,1
R3,2024-01-01 01:00:00,2024-01-01 03:55:00,rainy,250,24.91000905,31.3164211,175,morning,weekday,3,0,137,1
R3,2024-01-01 01:00:00,2024-01-01 01:03:00,cloudy,63,24.84180075,32.97034031,3,morning,weekday,2,0,137,1
R3,2024-01-01 01:00:00,2024-01-01 08:37:00,rainy,250,23.19995612,33.46630948,457,morning,weekday,3,0,137,1
R3,2024-01-01 01:00:00,2024-01-01 08:35:00,cloudy,250,24.55522407,32.14126002,455,morning,weekday,2,0,137,1
R3,2024-01-01 01:00:00,2024-01-01 01:02:00,sunny,116,23.450507,33.32683555,2,morning,weekday,1,0,137,1
R1,2024-01-01 01:00:00,2024-01-01 09:08:00,cloudy,116,25.21230131,33.89342996,488,morning,weekday,2,0,69,1
R3,2024-01-01 01:00:00,2024-01-01 01:00:00,cloudy,116,24.53666576,31.61129938,0,morning,weekday,2,0,137,1
R4,2024-01-01 01:00:00,2024-01-01 01:04:00,sunny,116,25.04068334,32.56998889,4,morning,weekday,1,0,48,1
R3,2024-01-01 01:00:00,2024-01-01 12:12:00,cloudy,116,23.1250187,31.86141387,672,morning,weekday,2,0,137,1
R4,2024-01-01 01:00:00,2024-01-01 14:58:00,rainy,116,23.25437605,33.37856326,838,morning,weekday,3,0,48,1
R1,2024-01-01 01:00:00,2024-01-01 14:23:00,sunny,250,25.14897016,32.7327801,803,morning,weekday,1,0,69,1
R2,2024-01-01 01:00:00,2024-01-01 01:08:00,sunny,116,23.21625301,32.90374725,8,morning,weekday,1,0,46,1
R3,2024-01-01 01:00:00,2024-01-01 17:46:00,rainy,97,23.21377018,33.39374248,1006,morning,weekday,3,0,137,1
R1,2024-01-01 01:00:00,2024-01-01 17:58:00,sunny,98,23.03632543,32.18791142,1018,morning,weekday,1,0,69,1
R3,2024-01-01 01:00:00,2024-01-01 19:05:00,sunny,116,25.86950419,33.74527021,1085,morning,weekday,1,0,137,1
R2,2024-01-01 01:00:00,2024-01-01 20:15:00,sunny,250,25.21252508,32.5990866,1155,morning,weekday,1,0,46,1
R2,2024-01-01 01:00:00,2024-01-01 20:58:00,rainy,250,24.05975423,31.47386447,1198,morning,weekday,3,0,46,1
R1,2024-01-01 01:00:00,2024-01-01 01:08:00,rainy,66,23.88960674,33.08769735,8,morning,weekday,3,0,69,1
R2,2024-01-01 01:00:00,2024-01-01 00:13:00,sunny,55,24.04910969,33.37978405,0,morning,weekday,1,0,46,1
R4,2024-01-01 01:00:00,2024-01-01 01:00:00,sunny,79,25.32396059,31.95028503,0,morning,weekday,1,0,48,1
R2,2024-01-01 01:00:00,2024-01-01 01:03:00,cloudy,116,24.98411183,33.57153777,3,morning,weekday,2,0,46,1
R3,2024-01-01 01:00:00,2024-01-01 01:00:00,cloudy,116,23.5555867,33.71842976,0,morning,weekday,2,0,137,1
R3,2024-01-01 01:00:00,2024-01-01 03:29:00,rainy,116,24.501703760204105,32.524775811462554,149,morning,weekday,3,0,137,1
R3,2024-01-01 01:00:00,2024-01-01 05:07:00,rainy,34,23.29518695,33.95056442,247,morning,weekday,3,0,137,1
R3,2024-01-01 01:00:00,2024-01-01 05:25:00,rainy,250,24.98090816,31.42213458,265,morning,weekday,3,0,137,1
R4,2024-01-01 01:00:00,2024-01-01 01:02:00,cloudy,116,25.29311799,31.60604701,2,morning,weekday,2,0,48,1
R3,2024-01-01 01:00:00,2024-01-01 01:00:00,sunny,45,23.79513928,31.55267452,0,morning,weekday,1,0,137,1
R1,2024-01-01 01:00:00,2024-01-01 09:09:00,sunny,116,23.06283488,33.68196913,489,morning,weekday,1,0,69,1
R3,2024-01-01 01:00:00,2024-01-01 08:22:00,rainy,116,23.246515,32.96287766,442,morning,weekday,3,0,137,1
R2,2024-01-01 01:00:00,2024-01-01 11:40:00,sunny,63,25.9035801,31.45631285,640,morning,weekday,1,0,46,1
R3,2024-01-01 01:00:00,2024-01-01 10:54:00,rainy,250,23.88633433,32.32097026,594,morning,weekday,3,0,137,1
R2,2024-01-01 01:00:00,2024-01-01 11:32:00,cloudy,250,25.30766944,32.84589408,632,morning,weekday,2,0,46,1
R2,2024-01-01 01:00:00,2024-01-01 01:04:00,cloudy,107,24.87399071,31.25039225,4,morning,weekday,2,0,46,1
R3,2024-01-01 01:00:00,2024-01-01 14:59:00,sunny,116,24.14581892,33.64724911,839,morning,weekday,1,0,137,1
R4,2024-01-01 01:00:00,2024-01-01 01:00:00,cloudy,116,23.61706179,33.41081061,0,morning,weekday,2,0,48,1
R2,2024-01-01 01:00:00,2024-01-01 16:10:00,cloudy,116,23.36415925,32.51562032,910,morning,weekday,2,0,46,1
R2,2024-01-01 01:00:00,2024-01-01 18:23:00,sunny,80,24.8450389,33.90137985,1043,morning,weekday,1,0,46,1
R3,2024-01-01 01:00:00,2024-01-01 01:10:00,sunny,116,25.32390134,32.25328294,10,morning,weekday,1,0,137,1
R2,2024-01-01 01:00:00,2024-01-01 19:34:00,sunny,116,24.93171276,33.95233096,1114,morning,weekday,1,0,46,1
R2,2024-01-01 01:00:00,2024-01-01 20:43:00,sunny,116,24.5909064,33.00376,1183,morning,weekday,1,0,46,1
R3,2024-01-01 01:00:00,2024-01-01 21:49:00,sunny,250,23.12585367,32.90401382,1249,morning,weekday,1,0,137,1
R3,2024-01-01 01:00:00,2024-01-01 23:33:00,cloudy,250,25.90546633,31.49786469,1353,morning,weekday,2,0,137,1
R1,2024-01-01 01:00:00,2024-01-01 01:00:00,sunny,40,25.39614257,33.64578327,0,morning,weekday,1,0,69,1
R4,2024-01-01 01:00:00,2024-01-01 23:25:00,sunny,116,23.87846611,32.28246906,1345,morning,weekday,1,0,48,1
R4,2024-01-01 01:00:00,2024-01-01 01:02:00,cloudy,85,25.93991099,31.48670022,2,morning,weekday,2,0,48,1
R2,2024-01-01 01:00:00,2024-01-01 01:26:00,sunny,250,24.80564477,31.03782256,26,morning,weekday,1,0,46,1
R4,2024-01-01 01:00:00,2024-01-01 02:12:00,cloudy,1,24.74726797,32.67926705,72,morning,weekday,2,0,48,1
R2,2024-01-01 01:00:00,2024-01-01 03:19:00,cloudy,116,25.24421954,32.58219887,139,morning,weekday,2,0,46,1
R1,2024-01-01 01:00:00,2024-01-01 05:13:00,rainy,32,25.43530936,33.15806087,253,morning,weekday,3,0,69,1
R3,2024-01-01 01:00:00,2024-01-01 01:01:00,sunny,116,24.96943582,33.67077416,1,morning,weekday,1,0,137,1
R3,2024-01-01 01:00:00,2024-01-01 08:09:00,cloudy,250,23.38428724,31.23821975,429,morning,weekday,2,0,137,1
R3,2024-01-01 01:00:00,2024-01-01 08:05:00,rainy,250,24.01480252,33.19448947,425,morning,weekday,3,0,137,1
R4,2024-01-01 01:00:00,2024-01-01 01:13:00,cloudy,250,25.78425092,31.56223583,13,morning,weekday,2,0,48,1
R1,2024-01-01 01:00:00,2024-01-01 11:13:00,sunny,116,23.67384684,33.57453116,613,morning,weekday,1,0,69,1
R4,2024-01-01 01:00:00,2024-01-01 01:12:00,rainy,5,24.11650107,33.45719054,12,morning,weekday,3,0,48,1
R4,2024-01-01 01:00:00,2024-01-01 13:49:00,rainy,116,24.29623065,32.62238126,769,morning,weekday,3,0,48,1
R1,2024-01-01 01:00:00,2024-01-01 12:42:00,sunny,250,24.31821497,33.1307284,702,morning,weekday,1,0,69,1
R1,2024-01-01 01:00:00,2024-01-01 13:28:00,cloudy,250,24.83881875,31.94305034,748,morning,weekday,2,0,69,1
R1,2024-01-01 01:00:00,2024-01-01 16:55:00,sunny,116,25.82922751,32.4135037,955,morning,weekday,1,0,69,1
R1,2024-01-01 01:00:00,2024-01-01 16:51:00,sunny,250,23.72207814,33.46491069,951,morning,weekday,1,0,69,1
R3,2024-01-01 01:00:00,2024-01-01 17:04:00,rainy,116,23.36450413,32.37779559,964,morning,weekday,3,0,137,1
R3,2024-01-01 01:00:00,2024-01-01 16:58:00,sunny,250,23.59241147,32.0733948,958,morning,weekday,1,0,137,1
R3,2024-01-01 01:00:00,2024-01-01 20:14:00,cloudy,250,25.6607747,32.48263734,1154,morning,weekday,2,0,137,1
R1,2024-01-01 01:00:00,2024-01-01 21:43:00,cloudy,11,24.93743244,33.48474776,1243,morning,weekday,2,0,69,1
R3,2024-01-01 01:00:00,2024-01-01 22:06:00,rainy,250,23.85772037,32.00562414,1266,morning,weekday,3,0,137,1
R3,2024-01-01 01:00:00,2024-01-01 20:54:00,cloudy,109,25.44784082,31.52128478,1194,morning,weekday,2,0,137,1
R1,2024-01-01 01:00:00,2024-01-01 01:10:00,rainy,118,25.58410999,33.13604206,10,morning,weekday,3,0,69,1
R3,2024-01-01 01:00:00,2024-01-01 00:38:00,sunny,250,25.53954302,33.47793464,0,morning,weekday,1,0,137,1
R4,2024-01-01 01:00:00,2024-01-01 01:14:00,cloudy,116,25.7567796,31.30191244,14,morning,weekday,2,0,48,1
R2,2024-01-01 01:00:00,2024-01-01 01:34:00,cloudy,36,23.75672306,31.71962234,34,morning,weekday,2,0,46,1
R2,2024-01-01 01:00:00,2024-01-01 02:08:00,sunny,250,25.26512579,31.42591597,68,morning,weekday,1,0,46,1
R1,2024-01-01 01:00:00,2024-01-01 01:01:00,sunny,60,24.38161849,32.04382423,1,morning,weekday,1,0,69,1
R3,2024-01-01 01:00:00,2024-01-01 01:00:00,rainy,78,24.501703760204105,32.524775811462554,0,morning,weekday,3,0,137,1
R1,2024-01-01 01:00:00,2024-01-01 07:42:00,cloudy,250,25.18547203,33.24647901,402,morning,weekday,2,0,69,1
R3,2024-01-01 01:00:00,2024-01-01 07:55:00,sunny,57,25.32934234,32.95344275,415,morning,weekday,1,0,137,1
R2,2024-01-01 01:00:00,2024-01-01 01:04:00,rainy,250,24.96848551,32.8627857,4,morning,weekday,3,0,46,1
R1,2024-01-01 01:00:00,2024-01-01 01:00:00,sunny,250,23.53228631,32.05712484,0,morning,weekday,1,0,69,1
R4,2024-01-01 01:00:00,2024-01-01 11:59:00,cloudy,95,24.63508076,33.52434266,659,morning,weekday,2,0,48,1
R3,2024-01-01 01:00:00,2024-01-01 11:42:00,sunny,250,25.95400922,32.4138615,642,morning,weekday,1,0,137,1
R3,2024-01-01 01:00:00,2024-01-01 13:35:00,sunny,116,25.8121642,33.93731481,755,morning,weekday,1,0,137,1
R3,2024-01-01 01:00:00,2024-01-01 12:33:00,rainy,116,23.12952121,32.90242641,693,morning,weekday,3,0,137,1
R3,2024-01-01 01:00:00,2024-01-01 13:50:00,rainy,250,23.49444445,31.37879422,770,morning,weekday,3,0,137,1
R1,2024-01-01 01:00:00,2024-01-01 15:47:00,sunny,116,23.39518632,33.02853269,887,morning,weekday,1,0,69,1
R3,2024-01-01 01:00:00,2024-01-01 17:33:00,rainy,39,25.17793973,31.97531205,993,morning,weekday,3,0,137,1
R4,2024-01-01 01:00:00,2024-01-01 18:54:00,cloudy,250,25.45335599,33.05898159,1074,morning,weekday,2,0,48,1
R3,2024-01-01 01:00:00,2024-01-01 17:38:00,rainy,250,23.6405341,31.20892344,998,morning,weekday,3,0,137,1
R1,2024-01-01 01:00:00,2024-01-01 17:50:00,sunny,250,24.51755808,31.52464431,1010,morning,weekday,1,0,69,1
R4,2024-01-01 01:00:00,2024-01-01 18:52:00,cloudy,118,25.52210908,33.56721178,1072,morning,weekday,2,0,48,1
R2,2024-01-01 01:00:00,2024-01-01 01:10:00,cloudy,108,25.19840463,31.68153867,10,morning,weekday,2,0,46,1
R3,2024-01-01 01:00:00,2024-01-01 21:05:00,sunny,59,24.62671162,33.51112338,1205,morning,weekday,1,0,137,1
R1,2024-01-01 01:00:00,2024-01-01 00:25:00,cloudy,116,24.77104307,31.83782827,0,morning,weekday,2,0,69,1
R2,2024-01-01 01:00:00,2024-01-01 00:21:00,sunny,116,24.52508164,32.92864573,0,morning,weekday,1,0,46,1
R2,2024-01-01 01:00:00,2024-01-01 00:49:00,cloudy,88,23.89264535,33.08245172,0,morning,weekday,2,0,46,1
R3,2024-01-01 01:00:00,2024-01-01 02:30:00,cloudy,34,24.69506598,32.53796426,90,morning,weekday,2,0,137,1
R4,2024-01-01 01:00:00,2024-01-01 04:24:00,cloudy,116,25.06665591,31.91593203,204,morning,weekday,2,0,48,1
R3,2024-01-01 01:00:00,2024-01-01 01:00:00,cloudy,75,25.61996875,31.63793313,0,morning,weekday,2,0,137,1
R1,2024-01-01 01:00:00,2024-01-01 06:26:00,rainy,116,24.90887406,31.09956806,326,morning,weekday,3,0,69,1
R3,2024-01-01 01:00:00,2024-01-01 07:03:00,cloudy,250,25.28336461,31.9118392,363,morning,weekday,2,0,137,1
R4,2024-01-01 01:00:00,2024-01-01 06:36:00,sunny,250,23.4802149,32.95948837,336,morning,weekday,1,0,48,1
R3,2024-01-01 01:00:00,2024-01-01 07:45:00,rainy,104,24.38467242,33.81491446,405,morning,weekday,3,0,137,1
R4,2024-01-01 01:00:00,2024-01-01 09:38:00,rainy,116,23.02799486,33.61361345,518,morning,weekday,3,0,48,1
R4,2024-01-01 01:00:00,2024-01-01 01:01:00,sunny,250,23.74003659,33.29819433,1,morning,weekday,1,0,48,1
R3,2024-01-01 01:00:00,2024-01-01 10:54:00,sunny,106,25.17938515,33.36534203,594,morning,weekday,1,0,137,1
R4,2024-01-01 01:00:00,2024-01-01 13:46:00,rainy,75,25.97542985,32.99495471,766,morning,weekday,3,0,48,1
R3,2024-01-01 01:00:00,2024-01-01 12:52:00,sunny,116,23.2975343,31.78086057,712,morning,weekday,1,0,137,1
R4,2024-01-01 01:00:00,2024-01-01 13:16:00,sunny,116,24.20448295,33.72158509,736,morning,weekday,1,0,48,1
R3,2024-01-01 01:00:00,2024-01-01 15:27:00,sunny,250,25.40021291,33.01219694,867,morning,weekday,1,0,137,1
R3,2024-01-01 01:00:00,2024-01-01 16:58:00,sunny,116,23.6121069,32.68132189,958,morning,weekday,1,0,137,1
R3,2024-01-01 01:00:00,2024-01-01 01:14:00,rainy,250,24.66525485,31.33296841,14,morning,weekday,3,0,137,1
R2,2024-01-01 01:00:00,2024-01-01 18:24:00,sunny,116,25.19921389,32.34116663,1044,morning,weekday,1,0,46,1
R2,2024-01-01 01:00:00,2024-01-01 20:50:00,sunny,69,24.84795635,32.38107481,1190,morning,weekday,1,0,46,1
R4,2024-01-01 01:00:00,2024-01-01 21:34:00,cloudy,68,23.5640742,33.59369083,1234,morning,weekday,2,0,48,1
R1,2024-01-01 01:00:00,2024-01-01 22:14:00,sunny,250,24.06615371,32.63994466,1274,morning,weekday,1,0,69,1
R4,2024-01-01 01:00:00,2024-01-01 22:39:00,sunny,116,25.35137535,32.14120165,1299,morning,weekday,1,0,48,1
R3,2024-01-01 01:00:00,2024-01-01 21:53:00,sunny,116,24.66267954,33.93040099,1253,morning,weekday,1,0,137,1
R3,2024-01-01 01:00:00,2024-01-01 23:21:00,cloudy,49,23.01568884,31.33216178,1341,morning,weekday,2,0,137,1
R3,2024-01-01 01:00:00,2024-01-01 01:12:00,sunny,116,25.28297228,32.26764528,12,morning,weekday,1,0,137,1
R3,2024-01-01 01:00:00,2024-01-01 03:31:00,cloudy,250,23.10593406,31.12607403,151,morning,weekday,2,0,137,1
R3,2024-01-01 01:00:00,2024-01-01 03:52:00,sunny,250,25.23720135,33.21971236,172,morning,weekday,1,0,137,1
R3,2024-01-01 01:00:00,2024-01-01 03:43:00,sunny,250,23.60744168,33.75422966,163,morning,weekday,1,0,137,1
R2,2024-01-01 01:00:00,2024-01-01 01:13:00,sunny,118,25.87422044,31.84011199,13,morning,weekday,1,0,46,1
R3,2024-01-01 01:00:00,2024-01-01 01:06:00,rainy,116,24.10382225,33.57502503,6,morning,weekday,3,0,137,1
R1,2024-01-01 01:00:00,2024-01-01 01:01:00,sunny,33,24.501703760204105,32.524775811462554,1,morning,weekday,1,0,69,1
R1,2024-01-01 01:00:00,2024-01-01 08:14:00,cloudy,116,23.44666415,33.73231048,434,morning,weekday,2,0,69,1
R1,2024-01-01 01:00:00,2024-01-01 10:48:00,sunny,250,23.91681265,33.26188571,588,morning,weekday,1,0,69,1
R1,2024-01-01 01:00:00,2024-01-01 09:27:00,sunny,116,25.62995229,33.41472033,507,morning,weekday,1,0,69,1
R3,2024-01-01 01:00:00,2024-01-01 10:19:00,rainy,116,25.98900301,31.05401967,559,morning,weekday,3,0,137,1
R1,2024-01-01 01:00:00,2024-01-01 11:41:00,sunny,45,24.10492859,33.88843107,641,morning,weekday,1,0,69,1
R3,2024-01-01 01:00:00,2024-01-01 13:08:00,sunny,250,24.34583189,33.18001298,728,morning,weekday,1,0,137,1
R4,2024-01-01 01:00:00,2024-01-01 13:40:00,sunny,68,25.16621281,31.91425329,760,morning,weekday,1,0,48,1
R1,2024-01-01 01:00:00,2024-01-01 16:01:00,cloudy,250,25.65858734,33.48818399,901,morning,weekday,2,0,69,1
R3,2024-01-01 01:00:00,2024-01-01 16:03:00,sunny,116,24.779133,31.8445636,903,morning,weekday,1,0,137,1
R3,2024-01-01 01:00:00,2024-01-01 16:58:00,cloudy,40,24.17457709,33.61826152,958,morning,weekday,2,0,137,1
R1,2024-01-01 01:00:00,2024-01-01 18:55:00,sunny,72,24.23786552,31.33774117,1075,morning,weekday,1,0,69,1
R4,2024-01-01 01:00:00,2024-01-01 19:44:00,cloudy,116,25.08685444,33.11105793,1124,morning,weekday,2,0,48,1
R1,2024-01-01 01:00:00,2024-01-01 21:52:00,rainy,250,23.00965479,32.62209543,1252,morning,weekday,3,0,69,1
R3,2024-01-01 01:00:00,2024-01-01 22:13:00,sunny,250,24.85876801,31.28960341,1273,morning,weekday,1,0,137,1
R2,2024-01-01 01:00:00,2024-01-01 23:24:00,cloudy,12,24.06647903,31.72568148,1344,morning,weekday,2,0,46,1
R3,2024-01-01 01:00:00,2024-01-01 22:50:00,rainy,116,25.38259199,31.03721211,1310,morning,weekday,3,0,137,1
R3,2024-01-01 01:00:00,2024-01-01 23:10:00,cloudy,116,23.27897192,32.4063039,1330,morning,weekday,2,0,137,1
R1,2024-01-01 01:00:00,2024-01-01 02:39:00,cloudy,116,24.7646068,31.90379578,99,morning,weekday,2,0,69,1
R3,2024-01-01 01:00:00,2024-01-01 01:14:00,cloudy,250,24.44291867,32.79507245,14,morning,weekday,2,0,137,1
R1,2024-01-01 01:00:00,2024-01-01 04:02:00,sunny,116,24.92697658,31.89171342,182,morning,weekday,1,0,69,1
R1,2024-01-01 01:00:00,2024-01-01 03:35:00,sunny,88,23.19456078,31.89975733,155,morning,weekday,1,0,69,1
R2,2024-01-01 01:00:00,2024-01-01 01:00:00,sunny,116,24.73995136,33.2295796,0,morning,weekday,1,0,46,1
R3,2024-01-01 01:00:00,2024-01-01 01:01:00,sunny,116,24.68445376,31.14442851,1,morning,weekday,1,0,137,1
R3,2024-01-01 01:00:00,2024-01-01 07:50:00,cloudy,250,24.68198028,33.70868499,410,morning,weekday,2,0,137,1
R2,2024-01-01 01:00:00,2024-01-01 01:14:00,sunny,45,24.810463,33.55679162,14,morning,weekday,1,0,46,1
R3,2024-01-01 01:00:00,2024-01-01 08:52:00,cloudy,250,25.02940381,33.00341405,472,morning,weekday,2,0,137,1
R1,2024-01-01 01:00:00,2024-01-01 01:13:00,rainy,116,25.414967,32.77966471,13,morning,weekday,3,0,69,1
R4,2024-01-01 01:00:00,2024-01-01 09:57:00,cloudy,11,23.80946216,33.67690749,537,morning,weekday,2,0,48,1
R1,2024-01-01 01:00:00,2024-01-01 13:49:00,cloudy,116,25.47514823,31.55599054,769,morning,weekday,2,0,69,1
R1,2024-01-01 01:00:00,2024-01-01 12:45:00,rainy,116,24.49476705,31.23690749,705,morning,weekday,3,0,69,1
R3,2024-01-01 01:00:00,2024-01-01 13:17:00,cloudy,250,23.23117484,31.71853051,737,morning,weekday,2,0,137,1
R1,2024-01-01 01:00:00,2024-01-01 15:59:00,sunny,42,23.17565279,33.38373484,899,morning,weekday,1,0,69,1
R2,2024-01-01 01:00:00,2024-01-01 01:00:00,sunny,116,24.00271496,31.1040108,0,morning,weekday,1,0,46,1
R2,2024-01-01 01:00:00,2024-01-01 17:44:00,cloudy,116,25.35469093,32.74842051,1004,morning,weekday,2,0,46,1
R3,2024-01-01 01:00:00,2024-01-01 19:20:00,sunny,116,25.1230428,33.98631255,1100,morning,weekday,1,0,137,1
R4,2024-01-01 01:00:00,2024-01-01 18:07:00,cloudy,116,25.36584489,33.56708828,1027,morning,weekday,2,0,48,1
R1,2024-01-01 01:00:00,2024-01-01 20:44:00,sunny,116,24.55180717,32.56433707,1184,morning,weekday,1,0,69,1
R1,2024-01-01 01:00:00,2024-01-01 21:48:00,rainy,67,24.32059699,31.19092273,1248,morning,weekday,3,0,69,1
R3,2024-01-01 01:00:00,2024-01-01 21:28:00,cloudy,26,23.44235758,33.49412054,1228,morning,weekday,2,0,137,1
R2,2024-01-01 01:00:00,2024-01-01 23:15:00,sunny,250,23.98457826,32.79693552,1335,morning,weekday,1,0,46,1
R4,2024-01-01 01:00:00,2024-01-01 23:14:00,sunny,250,24.3020581,31.34479899,1334,morning,weekday,1,0,48,1
R3,2024-01-01 01:00:00,2024-01-01 00:14:00,cloudy,250,23.26580129,31.28157185,0,morning,weekday,2,0,137,1
R2,2024-01-01 01:00:00,2024-01-01 02:38:00,sunny,116,23.66183586,33.72888046,98,morning,weekday,1,0,46,1
R3,2024-01-01 01:00:00,2024-01-01 01:09:00,cloudy,116,24.79467588,33.00760079,9,morning,weekday,2,0,137,1
R3,2024-01-01 01:00:00,2024-01-01 01:02:00,sunny,116,25.20698934,33.4878604,2,morning,weekday,1,0,137,1
R3,2024-01-01 01:00:00,2024-01-01 01:00:00,sunny,41,25.99504253,33.6369367,0,morning,weekday,1,0,137,1
R1,2024-01-01 01:00:00,2024-01-01 06:30:00,sunny,250,25.79933999,32.71531706,330,morning,weekday,1,0,69,1
R4,2024-01-01 01:00:00,2024-01-01 06:53:00,rainy,0,24.9276956,32.55233906,353,morning,weekday,3,0,48,1
R3,2024-01-01 01:00:00,2024-01-01 07:48:00,cloudy,116,24.26374416,32.29128223,408,morning,weekday,2,0,137,1
R2,2024-01-01 01:00:00,2024-01-01 09:50:00,cloudy,250,24.501703760204105,32.524775811462554,530,morning,weekday,2,0,46,1
R3,2024-01-01 01:00:00,2024-01-01 01:13:00,cloudy,25,25.35695485,32.30378788,13,morning,weekday,2,0,137,1
R1,2024-01-01 01:00:00,2024-01-01 10:59:00,cloudy,250,23.35500857,33.32163897,599,morning,weekday,2,0,69,1
R1,2024-01-01 01:00:00,2024-01-01 12:23:00,cloudy,41,24.22971467,32.80577029,683,morning,weekday,2,0,69,1
R3,2024-01-01 01:00:00,2024-01-01 01:03:00,sunny,250,25.51940686,33.67756987,3,morning,weekday,1,0,137,1
R3,2024-01-01 01:00:00,2024-01-01 15:21:00,rainy,116,24.15149886,32.33014004,861,morning,weekday,3,0,137,1
R4,2024-01-01 01:00:00,2024-01-01 16:00:00,cloudy,116,24.71561681,32.82126874,900,morning,weekday,2,0,48,1
R3,2024-01-01 01:00:00,2024-01-01 01:00:00,sunny,116,24.76330808,32.89392266,0,morning,weekday,1,0,137,1
R3,2024-01-01 01:00:00,2024-01-01 18:21:00,sunny,46,23.55342876,32.77509149,1041,morning,weekday,1,0,137,1
R3,2024-01-01 01:00:00,2024-01-01 18:04:00,sunny,97,24.08670632,33.10790132,1024,morning,weekday,1,0,137,1
R3,2024-01-01 01:00:00,2024-01-01 19:42:00,sunny,250,24.00353387,31.71230041,1122,morning,weekday,1,0,137,1
R3,2024-01-01 01:00:00,2024-01-01 21:48:00,cloudy,116,23.07859013,32.53709133,1248,morning,weekday,2,0,137,1
R3,2024-01-01 01:00:00,2024-01-01 21:08:00,sunny,116,23.07257529,31.31267441,1208,morning,weekday,1,0,137,1
R2,2024-01-01 01:00:00,2024-01-01 23:48:00,sunny,9,25.49509113,32.15353398,1368,morning,weekday,1,0,46,1
R3,2024-01-01 01:00:00,2024-01-01 22:59:00,cloudy,250,23.81921243,32.46300121,1319,morning,weekday,2,0,137,1
R3,2024-01-01 01:00:00,2024-01-01 23:08:00,sunny,116,24.5542363,32.95667278,1328,morning,weekday,1,0,137,1
R3,2024-01-01 01:00:00,2024-01-01 01:06:00,sunny,116,23.89617672,33.85159316,6,morning,weekday,1,0,137,1
R3,2024-01-01 01:00:00,2024-01-01 03:11:00,cloudy,38,25.82203774,32.8019532,131,morning,weekday,2,0,137,1
R1,2024-01-01 01:00:00,2024-01-01 01:12:00,rainy,250,23.77789028,33.23078175,12,morning,weekday,3,0,69,1
R1,2024-01-01 01:00:00,2024-01-01 02:52:00,sunny,250,24.28897044,32.51879818,112,morning,weekday,1,0,69,1
R2,2024-01-01 01:00:00,2024-01-01 03:59:00,rainy,38,25.61819075,32.90231209,179,morning,weekday,3,0,46,1
R1,2024-01-01 01:00:00,2024-01-01 01:04:00,sunny,116,25.5258007,31.21279665,4,morning,weekday,1,0,69,1
R3,2024-01-01 01:00:00,2024-01-01 06:02:00,cloudy,116,23.55830425,31.76317474,302,morning,weekday,2,0,137,1
R3,2024-01-01 01:00:00,2024-01-01 01:01:00,sunny,2,25.40792993,32.08555928,1,morning,weekday,1,0,137,1
R1,2024-01-01 01:00:00,2024-01-01 09:02:00,sunny,69,24.37456066,32.41748007,482,morning,weekday,1,0,69,1
R1,2024-01-01 01:00:00,2024-01-01 11:12:00,cloudy,12,24.44890662,31.13694624,612,morning,weekday,2,0,69,1
R2,2024-01-01 01:00:00,2024-01-01 11:23:00,rainy,59,23.40043992,31.42007229,623,morning,weekday,3,0,46,1
R2,2024-01-01 01:00:00,2024-01-01 11:51:00,rainy,116,23.24180454,31.83044292,651,morning,weekday,3,0,46,1
R3,2024-01-01 01:00:00,2024-01-01 13:49:00,sunny,250,25.18381792,33.91459807,769,morning,weekday,1,0,137,1
R3,2024-01-01 01:00:00,2024-01-01 14:05:00,sunny,250,24.48938346,31.99404102,785,morning,weekday,1,0,137,1
R2,2024-01-01 01:00:00,2024-01-01 01:09:00,sunny,116,24.31055211,32.44612317,9,morning,weekday,1,0,46,1
R1,2024-01-01 01:00:00,2024-01-01 17:19:00,cloudy,116,25.18852469,31.58829314,979,morning,weekday,2,0,69,1
R3,2024-01-01 01:00:00,2024-01-01 17:34:00,sunny,101,25.2965387,32.83234021,994,morning,weekday,1,0,137,1
R3,2024-01-01 01:00:00,2024-01-01 17:19:00,rainy,250,23.4767245,31.84204965,979,morning,weekday,3,0,137,1
R1,2024-01-01 01:00:00,2024-01-01 17:54:00,sunny,250,24.83067545,31.62097774,1014,morning,weekday,1,0,69,1
R2,2024-01-01 01:00:00,2024-01-01 21:23:00,rainy,76,23.40606225,32.54971789,1223,morning,weekday,3,0,46,1
R1,2024-01-01 01:00:00,2024-01-01 20:31:00,sunny,250,25.25412526,31.0165174,1171,morning,weekday,1,0,69,1
R3,2024-01-01 01:00:00,2024-01-01 22:01:00,sunny,116,24.97086547,31.0229921,1261,morning,weekday,1,0,137,1
R4,2024-01-01 01:00:00,2024-01-01 22:21:00,rainy,15,25.86984386,31.65720643,1281,morning,weekday,3,0,48,1
R4,2024-01-01 01:00:00,2024-01-01 01:13:00,sunny,116,23.20687405,31.11016409,13,morning,weekday,1,0,48,1
R3,2024-01-01 01:00:00,2024-01-01 02:22:00,sunny,116,23.17116416,31.32407726,82,morning,weekday,1,0,137,1
R1,2024-01-01 01:00:00,2024-01-01 01:02:00,sunny,250,23.84656122,32.01658195,2,morning,weekday,1,0,69,1
R1,2024-01-01 01:00:00,2024-01-01 01:00:00,cloudy,103,23.78511705,33.40775704,0,morning,weekday,2,0,69,1
R3,2024-01-01 01:00:00,2024-01-01 01:04:00,rainy,250,23.7409364,32.71614593,4,morning,weekday,3,0,137,1
R3,2024-01-01 01:00:00,2024-01-01 04:22:00,rainy,116,25.71876374,32.53800318,202,morning,weekday,3,0,137,1
R3,2024-01-01 01:00:00,2024-01-01 07:33:00,rainy,250,23.7486386,31.88046647,393,morning,weekday,3,0,137,1
R3,2024-01-01 01:00:00,2024-01-01 07:26:00,cloudy,13,23.81584918,33.79526116,386,morning,weekday,2,0,137,1
R1,2024-01-01 01:00:00,2024-01-01 09:52:00,cloudy,250,25.27819479,32.19104512,532,morning,weekday,2,0,69,1
R3,2024-01-01 01:00:00,2024-01-01 01:04:00,cloudy,116,24.34921953,31.2612783,4,morning,weekday,2,0,137,1
R3,2024-01-01 01:00:00,2024-01-01 08:59:00,cloudy,116,25.33013167,32.85119955,479,morning,weekday,2,0,137,1
R1,2024-01-01 01:00:00,2024-01-01 11:26:00,sunny,116,24.501703760204105,32.524775811462554,626,morning,weekday,1,0,69,1
R3,2024-01-01 01:00:00,2024-01-01 13:28:00,sunny,116,24.46271358,32.03566943,748,morning,weekday,1,0,137,1
R3,2024-01-01 01:00:00,2024-01-01 14:49:00,cloudy,116,23.1008408,32.52223582,829,morning,weekday,2,0,137,1
R3,2024-01-01 01:00:00,2024-01-01 12:54:00,rainy,59,23.18795961,33.62266757,714,morning,weekday,3,0,137,1
R1,2024-01-01 01:00:00,2024-01-01 15:05:00,rainy,116,25.71931236,32.48063974,845,morning,weekday,3,0,69,1
R3,2024-01-01 01:00:00,2024-01-01 16:24:00,cloudy,250,23.41773611,33.1067763,924,morning,weekday,2,0,137,1
R1,2024-01-01 01:00:00,2024-01-01 16:25:00,rainy,250,24.59726205,33.97845052,925,morning,weekday,3,0,69,1
R4,2024-01-01 01:00:00,2024-01-01 17:58:00,cloudy,116,24.23328681,31.39446736,1018,morning,weekday,2,0,48,1
R2,2024-01-01 01:00:00,2024-01-01 19:33:00,rainy,250,24.04202998,31.82419458,1113,morning,weekday,3,0,46,1
R2,2024-01-01 01:00:00,2024-01-01 19:12:00,sunny,116,25.69950004,32.18372823,1092,morning,weekday,1,0,46,1
R2,2024-01-01 01:00:00,2024-01-01 21:36:00,sunny,116,23.06547019,32.26548454,1236,morning,weekday,1,0,46,1
R3,2024-01-01 01:00:00,2024-01-01 23:59:00,sunny,250,24.99136906,32.23306323,1379,morning,weekday,1,0,137,1
R4,2024-01-01 01:00:00,2024-01-01 23:40:00,sunny,9,25.8901833,33.72283301,1360,morning,weekday,1,0,48,1
R1,2024-01-01 01:00:00,2024-01-01 00:29:00,sunny,53,24.68050455,33.14209793,0,morning,weekday,1,0,69,1
R3,2024-01-01 01:00:00,2024-01-01 01:01:00,sunny,13,25.81046739,32.82371564,1,morning,weekday,1,0,137,1
R1,2024-01-01 01:00:00,2024-01-01 01:01:00,cloudy,250,23.15677364,31.92811815,1,morning,weekday,2,0,69,1
R3,2024-01-01 01:00:00,2024-01-01 02:40:00,cloudy,116,24.25637996,33.47137115,100,morning,weekday,2,0,137,1
R1,2024-01-01 01:00:00,2024-01-01 03:30:00,rainy,24,23.78047337,33.86518153,150,morning,weekday,3,0,69,1
R4,2024-01-01 01:00:00,2024-01-01 03:50:00,rainy,7,25.19246289,33.46359485,170,morning,weekday,3,0,48,1
R3,2024-01-01 01:00:00,2024-01-01 06:19:00,cloudy,116,25.94389127,31.00469532,319,morning,weekday,2,0,137,1
R3,2024-01-01 01:00:00,2024-01-01 06:46:00,cloudy,67,23.76959019,32.90920411,346,morning,weekday,2,0,137,1
R1,2024-01-01 01:00:00,2024-01-01 01:04:00,sunny,31,24.9625238,31.15340614,4,morning,weekday,1,0,69,1
R1,2024-01-01 01:00:00,2024-01-01 10:18:00,sunny,250,23.5942929,31.77282166,558,morning,weekday,1,0,69,1
R3,2024-01-01 01:00:00,2024-01-01 01:14:00,sunny,250,24.69599076,31.1785741,14,morning,weekday,1,0,137,1
R3,2024-01-01 01:00:00,2024-01-01 12:49:00,rainy,116,24.39179746,32.81138636,709,morning,weekday,3,0,137,1
R3,2024-01-01 01:00:00,2024-01-01 01:02:00,sunny,116,25.91601599,33.05976974,2,morning,weekday,1,0,137,1
R4,2024-01-01 01:00:00,2024-01-01 12:52:00,sunny,116,24.82558182,31.34346291,712,morning,weekday,1,0,48,1
R3,2024-01-01 01:00:00,2024-01-01 13:27:00,sunny,116,24.04851912,32.15151665,747,morning,weekday,1,0,137,1
R3,2024-01-01 01:00:00,2024-01-01 16:31:00,sunny,250,23.34228735,32.36870953,931,morning,weekday,1,0,137,1
R3,2024-01-01 01:00:00,2024-01-01 17:40:00,sunny,49,23.45374049,32.10715907,1000,morning,weekday,1,0,137,1
R2,2024-01-01 01:00:00,2024-01-01 18:48:00,cloudy,78,23.67595079,31.363075,1068,morning,weekday,2,0,46,1
R4,2024-01-01 01:00:00,2024-01-01 19:49:00,sunny,116,23.75289998,32.25684337,1129,morning,weekday,1,0,48,1
R1,2024-01-01 01:00:00,2024-01-01 01:00:00,sunny,116,25.55184817,33.25353414,0,morning,weekday,1,0,69,1
R3,2024-01-01 01:00:00,2024-01-01 19:18:00,cloudy,116,24.68366836,31.21302299,1098,morning,weekday,2,0,137,1
R1,2024-01-01 01:00:00,2024-01-01 22:23:00,cloudy,15,24.57017273,31.24054004,1283,morning,weekday,2,0,69,1
R4,2024-01-01 01:00:00,2024-01-01 22:10:00,sunny,102,23.34430662,32.06431388,1270,morning,weekday,1,0,48,1
R3,2024-01-01 01:00:00,2024-01-01 23:47:00,sunny,51,25.58041908,33.82517713,1367,morning,weekday,1,0,137,1
R4,2024-01-01 01:00:00,2024-01-01 01:08:00,rainy,116,25.16844291,33.00571794,8,morning,weekday,3,0,48,1
R3,2024-01-01 01:00:00,2024-01-01 01:05:00,rainy,116,23.20300509,33.03600987,5,morning,weekday,3,0,137,1
R3,2024-01-01 01:00:00,2024-01-01 03:10:00,sunny,116,25.12350529,32.08575997,130,morning,weekday,1,0,137,1
R3,2024-01-01 01:00:00,2024-01-01 01:02:00,sunny,250,24.63061465,32.78098237,2,morning,weekday,1,0,137,1
R1,2024-01-01 01:00:00,2024-01-01 05:27:00,cloudy,85,23.24517604,31.03039355,267,morning,weekday,2,0,69,1
R1,2024-01-01 01:00:00,2024-01-01 01:04:00,sunny,116,24.37490192,32.90828814,4,morning,weekday,1,0,69,1
R3,2024-01-01 01:00:00,2024-01-01 01:02:00,sunny,90,24.45408886,33.73986084,2,morning,weekday,1,0,137,1
R3,2024-01-01 01:00:00,2024-01-01 08:44:00,sunny,116,23.49732362,32.83772041,464,morning,weekday,1,0,137,1
R4,2024-01-01 01:00:00,2024-01-01 08:42:00,sunny,116,25.83709444,33.62109578,462,morning,weekday,1,0,48,1
R4,2024-01-01 01:00:00,2024-01-01 10:48:00,sunny,38,25.54992611,33.17191917,588,morning,weekday,1,0,48,1
R3,2024-01-01 01:00:00,2024-01-01 08:57:00,sunny,250,25.00706701,31.36167525,477,morning,weekday,1,0,137,1
R3,2024-01-01 01:00:00,2024-01-01 01:12:00,cloudy,84,24.38688668,33.70735992,12,morning,weekday,2,0,137,1
R1,2024-01-01 01:00:00,2024-01-01 10:59:00,sunny,44,24.23529662,31.19933153,599,morning,weekday,1,0,69,1